symbol,reason
AAAP,ETF
AAC.U,unit
AACBR,right
AACBU,unit
AACIU,unit
AACIW,warrant
AACOU,unit
AACOW,warrant
AACPR,right
AACPU,unit
AACPW,warrant
AADR,ETF
AAEQ,ETF
AALG,ETF
AAPB,ETF
AAPD,ETF
AAPU,ETF
AAUB,ETF
AAUS,ETF
AAVM,ETF
AAXJ,ETF
ABCS,ETF
ABI,ETF
ABIG,ETF
ABLVW,warrant
ABR.PRD,preferred
ABR.PRE,preferred
ABR.PRF,preferred
ACAAU,unit
ACAAW,warrant
ACEP,ETF
ACGCU,unit
ACGCW,warrant
ACHR.WS,warrant
ACLO,ETF
ACONW,warrant
ACP.PRA,preferred
ACR.PRC,preferred
ACR.PRD,preferred
ACWI,ETF
ACWX,ETF
ADACU,unit
ADACW,warrant
ADBG,ETF
ADC.PRA,preferred
ADIG.WI,when-issued
ADSEW,warrant
AEAQU,unit
AEAQW,warrant
AENTW,warrant
AERTW,warrant
AESPR,right
AESPU,unit
AESPW,warrant
AFJKR,right
AFJKU,unit
AFOS,ETF
AFRIW,warrant
AFSC,ETF
AGEM,ETF
AGGA,ETF
AGIX,ETF
AGM.PRD,preferred
AGM.PRE,preferred
AGM.PRF,preferred
AGM.PRG,preferred
AGM.PRH,preferred
AGM.PRI,preferred
AGMI,ETF
AGNG,ETF
AGZD,ETF
AHD,ETF
AHL.PRD,preferred
AHL.PRE,preferred
AHL.PRF,preferred
AHRT.PRA,preferred
AHT.PRD,preferred
AHT.PRF,preferred
AHT.PRG,preferred
AHT.PRH,preferred
AHT.PRI,preferred
AIA,ETF
AIFD,ETF
AIIA.RT,right
AIIA.U,unit
AIIOW,warrant
AIMDW,warrant
AIMS,ETF
AIPI,ETF
AIPO,ETF
AIQ,ETF
AIRJW,warrant
AIRR,ETF
AISPW,warrant
AIX,ETF
AKAF,ETF
ALB.PRA,preferred
ALBG,ETF
ALDFU,unit
ALDFW,warrant
ALFUU,unit
ALFUW,warrant
ALIL,ETF
ALISR,right
ALISU,unit
ALL.PRB,preferred
ALL.PRH,preferred
ALL.PRI,preferred
ALL.PRJ,preferred
ALLW,ETF
ALOVU,unit
ALOVW,warrant
ALPXR,right
ALPXU,unit
ALPXW,warrant
ALTG.PRA,preferred
ALTY,ETF
ALUB.U,unit
ALUB.WS,warrant
ALVOW,warrant
AMA,ETF
AMACU,unit
AMDD,ETF
AMDG,ETF
AMDL,ETF
AMEM,ETF
AMGR,ETF
AMH.PRG,preferred
AMH.PRH,preferred
AMID,ETF
AMODW,warrant
AMPX.WS,warrant
AMUN,ETF
AMUU,ETF
AMYY,ETF
AMZD,ETF
AMZU,ETF
AMZZ,ETF
ANEL,ETF
ANG.PRD,preferred
ANGHW,warrant
ANGL,ETF
ANNAW,warrant
ANSCU,unit
ANSCW,warrant
ANV,ETF
AOHY,ETF
AOTG,ETF
APACR,right
APACU,unit
APLMW,warrant
APMCR,right
APMCU,unit
APO.PRA,preferred
APPX,ETF
APURR,right
APXTU,unit
APXTW,warrant
AQWA,ETF
ARBEW,warrant
ARCIU,unit
ARCIW,warrant
ARCLR,right
ARCLU,unit
ARCLW,warrant
ARES.PRB,preferred
ARMG,ETF
ARMY,ETF
ARQQW,warrant
ARR.PRC,preferred
ARTCU,unit
ARTCW,warrant
ARVR,ETF
ASB.PRE,preferred
ASB.PRF,preferred
ASBPW,warrant
ASCI,ETF
ASD,ETF
ASMG,ETF
ASMU,ETF
ASPCR,right
ASPCU,unit
ASPSW,warrant
ASTLW,warrant
ATC,ETF
ATH.PRA,preferred
ATH.PRB,preferred
ATH.PRD,preferred
ATH.PRE,preferred
ATIIU,unit
ATIIW,warrant
AUB.PRA,preferred
AUMI,ETF
AUROW,warrant
AVGB,ETF
AVGG,ETF
AVGU,ETF
AVGX,ETF
AVL,ETF
AVOS,ETF
AVS,ETF
AVUQ,ETF
AVXC,ETF
AVXX,ETF
AXIA.PRC,preferred
AXINR,right
AXINU,unit
AXS.PRE,preferred
AZYY,ETF
BA.PRA,preferred
BABU,ETF
BABX,ETF
BAC.PRB,preferred
BAC.PRE,preferred
BAC.PRK,preferred
BAC.PRL,preferred
BAC.PRM,preferred
BAC.PRN,preferred
BAC.PRO,preferred
BAC.PRP,preferred
BAC.PRQ,preferred
BAC.PRS,preferred
BACCR,right
BACCU,unit
BAERW,warrant
BAFE,ETF
BAIG,ETF
BAIV,ETF
BALQ,ETF
BANC.PRF,preferred
BANXR,right
BASG,ETF
BASV,ETF
BBAI.WS,warrant
BBB,ETF
BBBY.WS,warrant
BBCQU,unit
BBCQW,warrant
BBH,ETF
BBLGW,warrant
BBUL,ETF
BBYY,ETF
BC.PRC,preferred
BCARU,unit
BCARW,warrant
BCCQU,unit
BCEM,ETF
BCFN,ETF
BCGD,ETF
BCGWW,warrant
BCLO,ETF
BCSM,ETF
BCSS.U,unit
BCSS.WS,warrant
BCTK,ETF
BDCIU,unit
BDCIW,warrant
BDGS,ETF
BDMDW,warrant
BDVL,ETF
BDYN,ETF
BEAGR,right
BEAGU,unit
BEATW,warrant
BEBE.U,unit
BEBE.WS,warrant
BEDY,ETF
BEEX,ETF
BEEZ,ETF
BEG,ETF
BELT,ETF
BENFW,warrant
BEP.PRA,preferred
BESO,ETF
BESS.WS,warrant
BETRW,warrant
BFH.PRA,preferred
BFH.PRB,preferred
BFLX,ETF
BFRGW,warrant
BFRIW,warrant
BFS.PRD,preferred
BFS.PRE,preferred
BGCG,ETF
BGEG,ETF
BGGG,ETF
BGIA,ETF
BGLWW,warrant
BGRN,ETF
BGRO,ETF
BHAVR,right
BHAVU,unit
BHDG,ETF
BHR.PRB,preferred
BHR.PRD,preferred
BIAFW,warrant
BIB,ETF
BIDG,ETF
BIDWR,right
BIDWU,unit
BIII.U,unit
BIII.WS,warrant
BIOTW,warrant
BIOY,ETF
BIP.PRA,preferred
BIP.PRB,preferred
BIS,ETF
BITA,ETF
BITS,ETF
BIVIW,warrant
BIXIU,unit
BIXIW,warrant
BKCH,ETF
BKHAR,right
BKHAU,unit
BKKT.WS,warrant
BKMI,ETF
BKMS,ETF
BKSY.WS,warrant
BLCR,ETF
BLRKU,unit
BLRKW,warrant
BLSG,ETF
BLUWU,unit
BLUWW,warrant
BLZRU,unit
BLZRW,warrant
BML.PRG,preferred
BML.PRH,preferred
BML.PRJ,preferred
BML.PRL,preferred
BMNG,ETF
BMOP,ETF
BNAIW,warrant
BNCWW,warrant
BND,ETF
BNDP,ETF
BNDW,ETF
BNDX,ETF
BNY.PRK,preferred
BNZIW,warrant
BOEG,ETF
BOEU,ETF
BOH.PRA,preferred
BOH.PRB,preferred
BOND,ETF
BOTT,ETF
BOTZ,ETF
BPACR,right
BPACU,unit
BRCE,ETF
BREE,ETF
BREM,ETF
BRES,ETF
BREZR,right
BRHY,ETF
BRIE,ETF
BRKHU,unit
BRKHW,warrant
BRKU,ETF
BRLSW,warrant
BRNY,ETF
BROL,ETF
BRRR,ETF
BRRWW,warrant
BRTMU,unit
BRTR,ETF
BRUNW,warrant
BSAAR,right
BSAAU,unit
BSCA,ETF
BSCQ,ETF
BSCR,ETF
BSCS,ETF
BSCT,ETF
BSCU,ETF
BSCV,ETF
BSCW,ETF
BSCX,ETF
BSCY,ETF
BSCZ,ETF
BSGR,ETF
BSGT,ETF
BSJQ,ETF
BSJR,ETF
BSJS,ETF
BSJT,ETF
BSJU,ETF
BSJV,ETF
BSJW,ETF
BSJX,ETF
BSJY,ETF
BSMQ,ETF
BSMR,ETF
BSMS,ETF
BSMT,ETF
BSMU,ETF
BSMV,ETF
BSMW,ETF
BSMY,ETF
BSMZ,ETF
BSSX,ETF
BSTS,ETF
BSTU,ETF
BSTV,ETF
BSVO,ETF
BTBDW,warrant
BTDL,ETF
BTF,ETF
BTGD,ETF
BTSGU,unit
BUFC,ETF
BUFI,ETF
BUFM,ETF
BUG,ETF
BULD,ETF
BULG,ETF
BULLW,warrant
BUXX,ETF
BW.PRA,preferred
BWIV.U,unit
BWIV.WS,warrant
BZAIW,warrant
BZFDW,warrant
C.PRN,preferred
C.PRR,preferred
CAFG,ETF
CAIIU,unit
CAIIW,warrant
CAIQ,ETF
CALI,ETF
CANC,ETF
CANQ,ETF
CAPNR,right
CAPNU,unit
CAQUU,unit
CAQUW,warrant
CARY,ETF
CARZ,ETF
CATH,ETF
CATLU,unit
CCAQU,unit
CCAQW,warrant
CCCTU,unit
CCFE,ETF
CCGWW,warrant
CCIIU,unit
CCIIW,warrant
CCNR,ETF
CCSB,ETF
CCSO,ETF
CCXIU,unit
CCXIW,warrant
CDC,ETF
CDIG,ETF
CDIOW,warrant
CDL,ETF
CDR.PRB,preferred
CDR.PRC,preferred
CDROW,warrant
CDTTW,warrant
CEFA,ETF
CELG.RT,right
CEPI,ETF
CFA,ETF
CFG.PRE,preferred
CFG.PRH,preferred
CFG.PRI,preferred
CFO,ETF
CFR.PRB,preferred
CFTR.PRA,preferred
CGCFU,unit
CGV,ETF
CHARR,right
CHARU,unit
CHECU,unit
CHECW,warrant
CHGX,ETF
CHMI.PRA,preferred
CHMI.PRB,preferred
CHPGR,right
CHPGU,unit
CHPS,ETF
CHPX,ETF
CHRI,ETF
CIBR,ETF
CIFG,ETF
CIM.PRA,preferred
CIM.PRB,preferred
CIM.PRC,preferred
CIM.PRD,preferred
CINGW,warrant
CLBR.U,unit
CLBR.WS,warrant
CLDT.PRA,preferred
CLOA,ETF
CLOD,ETF
CLOU,ETF
CLSKW,warrant
CLSM,ETF
CMBO,ETF
CMIIU,unit
CMIIW,warrant
CMRE.PRB,preferred
CMRE.PRC,preferred
CMRE.PRD,preferred
CMS.PRB,preferred
CMS.PRC,preferred
CNCKW,warrant
CNO.PRA,preferred
CNQQ,ETF
COCHW,warrant
CODI.PRA,preferred
CODI.PRB,preferred
CODI.PRC,preferred
COF.PRI,preferred
COF.PRJ,preferred
COF.PRK,preferred
COF.PRL,preferred
COF.PRN,preferred
COIG,ETF
COLAR,right
COLAU,unit
COMT,ETF
CONI,ETF
CONL,ETF
CONX,ETF
COOTW,warrant
COPJ,ETF
COPL.U,unit
COPL.WS,warrant
COPP,ETF
COPR.WS,warrant
CORO,ETF
CORZW,warrant
COTG,ETF
COWG,ETF
COWS,ETF
COYY,ETF
CPAG,ETF
CPAI,ETF
CPHY,ETF
CPLS,ETF
CPTL,ETF
CRACR,right
CRACU,unit
CRACW,warrant
CRANR,right
CRANU,unit
CRAQR,right
CRAQU,unit
CRCG,ETF
CRGOW,warrant
CRMG,ETF
CRMLW,warrant
CRMU,ETF
CRWG,ETF
CRWL,ETF
CRY,ETF
CSB,ETF
CSCL,ETF
CSCS,ETF
CSEN,ETF
CSHRW,warrant
CTA.PRA,preferred
CTA.PRB,preferred
CTAAR,right
CTAAU,unit
CTEC,ETF
CTO.PRA,preferred
CUBWU,unit
CUBWW,warrant
CWY,ETF
CXAIW,warrant
CXIIU,unit
CXIIW,warrant
CXSE,ETF
CYCUW,warrant
DAAQU,unit
DAAQW,warrant
DADS,ETF
DAICW,warrant
DAK,ETF
DALI,ETF
DAPP,ETF
DAVEW,warrant
DAX,ETF
DBCAU,unit
DBCAW,warrant
DBRG.PRH,preferred
DBRG.PRI,preferred
DBRG.PRJ,preferred
DCOM.PR,preferred
DDIV,ETF
DECO,ETF
DEMZ,ETF
DFDVW,warrant
DFGP,ETF
DFGX,ETF
DFLIW,warrant
DFNSW,warrant
DFSCW,warrant
DGAC.RT,right
DGAC.U,unit
DGCB,ETF
DGLO,ETF
DGRE,ETF
DGRS,ETF
DGRW,ETF
DIME,ETF
DINE,ETF
DIVD,ETF
DIVY,ETF
DJTWW,warrant
DKNX,ETF
DLLL,ETF
DLNG.PRA,preferred
DLR.PRJ,preferred
DLR.PRK,preferred
DLR.PRL,preferred
DMAAR,right
DMAAU,unit
DMIIR,right
DMIIU,unit
DMXF,ETF
DNMXU,unit
DNMXW,warrant
DRDBU,unit
DRDBW,warrant
DRIV,ETF
DRLL,ETF
DRMAW,warrant
DRNZ,ETF
DRTSW,warrant
DSACU,unit
DSACW,warrant
DSMC,ETF
DSTX,ETF
DSX.PRB,preferred
DSX.WS,warrant
DSYWW,warrant
DTCR,ETF
DTSQR,right
DTSQU,unit
DUK.PRA,preferred
DUKH,ETF
DUKRW,warrant
DUKX,ETF
DUOG,ETF
DUSG,ETF
DVAL,ETF
DVGR,ETF
DVIN,ETF
DVLU,ETF
DVOL,ETF
DVQQ,ETF
DVRE,ETF
DVSP,ETF
DVUT,ETF
DVXB,ETF
DVXC,ETF
DVXE,ETF
DVXF,ETF
DVXK,ETF
DVXP,ETF
DVXV,ETF
DVXY,ETF
DVY,ETF
DWAS,ETF
DWAW,ETF
DWSH,ETF
DWUS,ETF
DX.PRC,preferred
DYFI,ETF
DYNB,ETF
DYNCU,unit
DYNCW,warrant
DYORU,unit
DYORW,warrant
DYTA,ETF
EART,ETF
EASY,ETF
EBI,ETF
EBIZ,ETF
ECC.PRD,preferred
ECHX,ETF
ECOW,ETF
ECXWW,warrant
EDBLW,warrant
EEE,ETF
EEMA,ETF
EFAS,ETF
EFC.PRB,preferred
EFC.PRC,preferred
EFC.PRD,preferred
EFRA,ETF
EGGQ,ETF
EGHAR,right
EGHAU,unit
EHLS,ETF
EKG,ETF
ELFY,ETF
ELIL,ETF
EMB,ETF
EMCB,ETF
EMEM,ETF
EMEQ,ETF
EMIF,ETF
EMISR,right
EMSC,ETF
EMXC,ETF
EMXF,ETF
ENDW,ETF
ENGNW,warrant
ENHI,ETF
ENHU,ETF
ENRDW,warrant
ENZL,ETF
EONR.WS,warrant
EP.PRC,preferred
EPR.PRC,preferred
EPR.PRE,preferred
EPR.PRG,preferred
EQH.PRA,preferred
EQH.PRC,preferred
EQQQ,ETF
EQRR,ETF
ERET,ETF
ERNAW,warrant
ESGD,ETF
ESGE,ETF
ESGU,ETF
ESLAW,warrant
ESMV,ETF
ESN,ETF
ESPO,ETF
ET.PRI,preferred
ETEC,ETF
ETHA,ETF
ETHB,ETF
ETI.PR,preferred
ETSS.U,unit
ETSS.WS,warrant
EUDAW,warrant
EUFN,ETF
EURKR,right
EURKU,unit
EVAC.U,unit
EVAC.WS,warrant
EVEX.WS,warrant
EVMT,ETF
EVOXU,unit
EVOXW,warrant
EVPF,ETF
EVSD,ETF
EVTR,ETF
EVYM,ETF
EWAVU,unit
EWJV,ETF
EWZS,ETF
EXUS,ETF
EXYNW,warrant
EYEG,ETF
EZMO,ETF
EZRO,ETF
F.PRB,preferred
F.PRC,preferred
F.PRD,preferred
FAAA,ETF
FAAR,ETF
FAB,ETF
FACTU,unit
FACTW,warrant
FACWW,warrant
FAD,ETF
FALN,ETF
FBL,ETF
FBOT,ETF
FBRT.PRE,preferred
FBYDW,warrant
FBYY,ETF
FCA,ETF
FCAL,ETF
FCEF,ETF
FCLO,ETF
FCRS.U,unit
FCRS.WS,warrant
FCTE,ETF
FCVT,ETF
FCXG,ETF
FDCF,ETF
FDFF,ETF
FDIF,ETF
FDIG,ETF
FDIQ,ETF
FDIV,ETF
FDMMU,unit
FDNI,ETF
FDRS,ETF
FDRX,ETF
FDT,ETF
FDTS,ETF
FDTX,ETF
FEGE,ETF
FEM,ETF
FEMB,ETF
FEMS,ETF
FEOE,ETF
FEP,ETF
FEPI,ETF
FERAR,right
FERAU,unit
FEUZ,ETF
FEX,ETF
FFUT,ETF
FGIIU,unit
FGIIW,warrant
FGIWW,warrant
FGM,ETF
FGSI,ETF
FHN.PRE,preferred
FHN.PRF,preferred
FHN.PRH,preferred
FICS,ETF
FID,ETF
FIGG,ETF
FIGXU,unit
FIGXW,warrant
FIMU,ETF
FINX,ETF
FINY,ETF
FITB.PRA,preferred
FITB.PRI,preferred
FITB.PRK,preferred
FITB.PRM,preferred
FIXD,ETF
FIXT,ETF
FJP,ETF
FKU,ETF
FLDB,ETF
FLDDW,warrant
FLG.PRA,preferred
FLG.PRU,preferred
FLN,ETF
FLXR,ETF
FLYX.WS,warrant
FMACR,right
FMACU,unit
FMB,ETF
FMED,ETF
FMET,ETF
FMHI,ETF
FMSTW,warrant
FMTM,ETF
FMUB,ETF
FMUN,ETF
FNK,ETF
FNX,ETF
FNY,ETF
FOUR.PRA,preferred
FOXXW,warrant
FPA,ETF
FPXE,ETF
FPXI,ETF
FREI,ETF
FRT.PRC,preferred
FRWD,ETF
FSCS,ETF
FSGS,ETF
FSHPR,right
FSHPU,unit
FSSL,ETF
FSTB,ETF
FSZ,ETF
FTA,ETF
FTAG,ETF
FTC,ETF
FTCS,ETF
FTDS,ETF
FTGC,ETF
FTGS,ETF
FTHAU,unit
FTHAW,warrant
FTHI,ETF
FTQI,ETF
FTRA.U,unit
FTRA.WS,warrant
FTRI,ETF
FTSL,ETF
FTSM,ETF
FTW.WS,warrant
FTWO,ETF
FTXG,ETF
FTXH,ETF
FTXL,ETF
FTXN,ETF
FTXO,ETF
FTXR,ETF
FUFUW,warrant
FUSEW,warrant
FUTG,ETF
FV,ETF
FVC,ETF
FVNNR,right
FVNNU,unit
FWACU,unit
FXACU,unit
FXACW,warrant
FXED,ETF
FYC,ETF
FYT,ETF
FYX,ETF
GAB.PRG,preferred
GAB.PRH,preferred
GAB.PRK,preferred
GAM.PRB,preferred
GARY,ETF
GAVA,ETF
GBUG,ETF
GCGRU,unit
GCGRW,warrant
GCLWW,warrant
GCTS.WS,warrant
GDEVW,warrant
GDIV,ETF
GDV.PRH,preferred
GDV.PRK,preferred
GEME,ETF
GEMG,ETF
GENVR,right
GENZ,ETF
GEQ,ETF
GEVG,ETF
GEW,ETF
GFAIW,warrant
GFGF,ETF
GFLW,ETF
GFUZW,warrant
GGLL,ETF
GGLS,ETF
GGROW,warrant
GGT.PRE,preferred
GGT.PRG,preferred
GHXIU,unit
GIBOW,warrant
GIEQ,ETF
GIND,ETF
GINX,ETF
GIPRW,warrant
GIWWR,right
GIWWU,unit
GIXXR,right
GIXXU,unit
GKAT,ETF
GL.PRD,preferred
GLCR,ETF
GLDB,ETF
GLDI,ETF
GLED.RT,right
GLED.U,unit
GLGG,ETF
GLNDW,warrant
GLOP.PRA,preferred
GLOP.PRB,preferred
GLOP.PRC,preferred
GLOW,ETF
GLWG,ETF
GME.WS,warrant
GMMF,ETF
GNL.PRA,preferred
GNL.PRB,preferred
GNL.PRD,preferred
GNL.PRE,preferred
GNMA,ETF
GNOM,ETF
GNT.PRA,preferred
GOLI,ETF
GOU,ETF
GOVI,ETF
GPACU,unit
GPACW,warrant
GPATU,unit
GPATW,warrant
GPIQ,ETF
GPIX,ETF
GPMT.PRA,preferred
GPRF,ETF
GPT,ETF
GQQQ,ETF
GRABW,warrant
GRAG,ETF
GRBK.PRA,preferred
GRID,ETF
GRIN,ETF
GRMLW,warrant
GROY.WS,warrant
GRRRW,warrant
GRW,ETF
GS.PRA,preferred
GS.PRC,preferred
GS.PRD,preferred
GSGO,ETF
GSHRU,unit
GSHRW,warrant
GSIB,ETF
GSL.PRB,preferred
GSRFR,right
GSRFU,unit
GSRVR,right
GSRVU,unit
GTENU,unit
GTENW,warrant
GTERR,right
GTERU,unit
GTERW,warrant
GTOP,ETF
GTOQ,ETF
GTPE,ETF
GTR,ETF
GUACU,unit
GUACW,warrant
GUSE,ETF
GUT.PRC,preferred
GVLE,ETF
GXDW,ETF
GYLD,ETF
HACQU,unit
HACQW,warrant
HAVAR,right
HAVAU,unit
HBDC,ETF
HBR,ETF
HCACR,right
HCACU,unit
HCICR,right
HCICU,unit
HCMAU,unit
HCMAW,warrant
HCOW,ETF
HDRNW,warrant
HEAL,ETF
HECO,ETF
HEQQ,ETF
HERD,ETF
HERO,ETF
HF,ETF
HFEQ,ETF
HFGM,ETF
HFMF,ETF
HFND,ETF
HFRO.PRA,preferred
HFRO.PRB,preferred
HFSP,ETF
HGER,ETF
HIDE,ETF
HIG.PRG,preferred
HIMZ,ETF
HIS,ETF
HISF,ETF
HL.PRB,preferred
HLAL,ETF
HLTH,ETF
HMYY,ETF
HNDL,ETF
HODU,ETF
HOLOW,warrant
HOOG,ETF
HOOX,ETF
HOVRW,warrant
HOYY,ETF
HPAIW,warrant
HPE.PRC,preferred
HPP.PRC,preferred
HQGO,ETF
HQWWW,warrant
HRTS,ETF
HSCSW,warrant
HTZWW,warrant
HUBCW,warrant
HUMAW,warrant
HUTG,ETF
HVIIR,right
HVIIU,unit
HVMCU,unit
HVMCW,warrant
HWIV,ETF
HWO,ETF
HWSM,ETF
HYBI,ETF
HYBX,ETF
HYDR,ETF
HYLS,ETF
HYP,ETF
HYPG,ETF
HYTR,ETF
HYXF,ETF
HYZD,ETF
IACOU,unit
IACOW,warrant
IACQU,unit
IACQW,warrant
IALT,ETF
IAUX.WS,warrant
IBACR,right
IBAT,ETF
IBB,ETF
IBBQ,ETF
IBGA,ETF
IBGB,ETF
IBGC,ETF
IBGK,ETF
IBGL,ETF
IBGM,ETF
IBIT,ETF
IBOT,ETF
IBTG,ETF
IBTH,ETF
IBTI,ETF
IBTJ,ETF
IBTK,ETF
IBTL,ETF
IBTM,ETF
IBTO,ETF
IBTP,ETF
IBTQ,ETF
IBTR,ETF
ICLN,ETF
ICOP,ETF
ICR.PRA,preferred
ICUCW,warrant
IDACU,unit
IDACW,warrant
IDEF,ETF
IDVY,ETF
IEAGR,right
IEAGU,unit
IEF,ETF
IEI,ETF
IEUS,ETF
IFGL,ETF
IFLO,ETF
IFV,ETF
IGACR,right
IGACU,unit
IGCB,ETF
IGF,ETF
IGIB,ETF
IGOV,ETF
IGSB,ETF
IIPR.PRA,preferred
IJT,ETF
ILIT,ETF
ILLRW,warrant
ILLUU,unit
ILLUW,warrant
IMCV,ETF
IMOM,ETF
IMSRW,warrant
INACR,right
INACU,unit
IND,ETF
INDH,ETF
INDQ,ETF
INDY,ETF
INFO,ETF
INFQ.WS,warrant
INN.PRE,preferred
INN.PRF,preferred
INRO,ETF
INTW,ETF
IONL,ETF
IONQ.WS,warrant
IONX,ETF
IONZ,ETF
IOYY,ETF
IPCXR,right
IPCXU,unit
IPEXR,right
IPEXU,unit
IPFXU,unit
IPFXW,warrant
IPKW,ETF
IPVVU,unit
IPVVW,warrant
IQMXW,warrant
IQQ,ETF
IQQQ,ETF
IRAB.U,unit
IRAB.WS,warrant
IREG,ETF
IRHOR,right
IRHOU,unit
ISHG,ETF
ISHP,ETF
ISNRU,unit
ISNRW,warrant
ISTB,ETF
ISTM,ETF
ISUL,ETF
ITHAU,unit
ITHAW,warrant
IUS,ETF
IUSB,ETF
IUSG,ETF
IUSV,ETF
IVAL,ETF
IVDAW,warrant
IVR.PRC,preferred
IVSI,ETF
IVSS,ETF
IVSX,ETF
IXUS,ETF
JABRU,unit
JACS.RT,right
JACS.U,unit
JAPN,ETF
JBND,ETF
JDOC,ETF
JEMA,ETF
JENA.RT,right
JENA.U,unit
JEPQ,ETF
JGLO,ETF
JHAI,ETF
JIVE,ETF
JMID,ETF
JOBY.WS,warrant
JONEU,unit
JOYT,ETF
JPEF,ETF
JPFP,ETF
JPM.PRC,preferred
JPM.PRD,preferred
JPM.PRJ,preferred
JPM.PRK,preferred
JPM.PRL,preferred
JPM.PRM,preferred
JPY,ETF
JSMD,ETF
JSML,ETF
JSPRW,warrant
JTEK,ETF
JXN.PRA,preferred
KAT,ETF
KBAB,ETF
KBDU,ETF
KBONU,unit
KBONW,warrant
KBWB,ETF
KBWD,ETF
KBWP,ETF
KBWY,ETF
KCA.U,unit
KCAC.U,unit
KCAC.WS,warrant
KCHVR,right
KCHVU,unit
KDKRW,warrant
KEAT,ETF
KEY.PRI,preferred
KEY.PRJ,preferred
KEY.PRK,preferred
KEY.PRL,preferred
KEYYU,unit
KEYYW,warrant
KFIIR,right
KFIIU,unit
KIDZW,warrant
KIM.PRL,preferred
KIM.PRM,preferred
KIM.PRN,preferred
KIQQ,ETF
KITTW,warrant
KJD,ETF
KKR.PRD,preferred
KLAG,ETF
KMLI,ETF
KNGZ,ETF
KOID,ETF
KOYNU,unit
KOYNW,warrant
KPDD,ETF
KPET.U,unit
KPET.WS,warrant
KQQQ,ETF
KRAQU,unit
KRAQW,warrant
KREF.PRA,preferred
KROP,ETF
KRSP.U,unit
KRSP.WS,warrant
KTTAW,warrant
KTWOR,right
KTWOU,unit
KVACU,unit
KVACW,warrant
KWMWW,warrant
KYIVW,warrant
LAFAR,right
LAFAU,unit
LATAU,unit
LATAW,warrant
LCCCR,right
LCCCU,unit
LCDS,ETF
LCFYW,warrant
LDEM,ETF
LDRX,ETF
LDSF,ETF
LEGO.U,unit
LEGO.WS,warrant
LEGR,ETF
LEND,ETF
LEXI,ETF
LFACU,unit
LFACW,warrant
LFSC,ETF
LFT.PRA,preferred
LGCF,ETF
LGDS,ETF
LGRO,ETF
LIDRW,warrant
LIMNW,warrant
LINT,ETF
LITP,ETF
LKSPR,right
LKSPU,unit
LMBS,ETF
LMNX,ETF
LMTL,ETF
LNC.PRD,preferred
LNZAW,warrant
LOB.PRA,preferred
LOGO,ETF
LOTI,ETF
LOTWW,warrant
LPAAU,unit
LPAAW,warrant
LPBBU,unit
LPBBW,warrant
LPCVU,unit
LPCVW,warrant
LQ,ETF
LRGE,ETF
LRND,ETF
LTCC,ETF
LTGRU,unit
LTGRW,warrant
LTRYW,warrant
LUCYW,warrant
LULG,ETF
LVDS,ETF
LVHD,ETF
LVIG,ETF
LVWR.WS,warrant
LWACU,unit
LWACW,warrant
LXP.PRC,preferred
LZM.WS,warrant
MAA.PRI,preferred
MAAY,ETF
MACIU,unit
MACIW,warrant
MATE,ETF
MAXI,ETF
MBB,ETF
MBS,ETF
MBVIU,unit
MBVIW,warrant
MCAHR,right
MCAHU,unit
MCDS,ETF
MCGAU,unit
MCGAW,warrant
MCHI,ETF
MCHS,ETF
MDAIW,warrant
MDCXW,warrant
MDIV,ETF
MDST,ETF
MDV.PRA,preferred
MEDX,ETF
MEMA,ETF
MEMS,ETF
MER.PRK,preferred
MESHU,unit
MESHW,warrant
MET.PRA,preferred
MET.PRE,preferred
MET.PRF,preferred
METD,ETF
METL,ETF
METU,ETF
MEVOU,unit
MEVOW,warrant
MFA.PRB,preferred
MFA.PRC,preferred
MFIG,ETF
MFLX,ETF
MFMO,ETF
MFSB,ETF
MFSG,ETF
MFSI,ETF
MFSM,ETF
MFSV,ETF
MFVL,ETF
MIACU,unit
MILN,ETF
MITT.PRA,preferred
MITT.PRB,preferred
MITT.PRC,preferred
MKAM,ETF
MKDWW,warrant
MKLYR,right
MKLYU,unit
MLAAU,unit
MLAAW,warrant
MLECW,warrant
MMID,ETF
MMK,ETF
MMKT,ETF
MMTXU,unit
MMTXW,warrant
MNTSW,warrant
MNVT,ETF
MNYWW,warrant
MNZL,ETF
MOBBW,warrant
MOBXW,warrant
MODL,ETF
MOOD,ETF
MPG,ETF
MQQQ,ETF
MRA,ETF
MRAL,ETF
MRCOU,unit
MRNOW,warrant
MRVU,ETF
MS.PRA,preferred
MS.PRE,preferred
MS.PRF,preferred
MS.PRI,preferred
MS.PRK,preferred
MS.PRL,preferred
MS.PRO,preferred
MS.PRP,preferred
MS.PRQ,preferred
MSAIW,warrant
MSFD,ETF
MSFL,ETF
MSFU,ETF
MSR,ETF
MST,ETF
MSTP,ETF
MSTX,ETF
MTAKU,unit
MTAL.U,unit
MTAL.WS,warrant
MTB.PRH,preferred
MTB.PRJ,preferred
MTB.PRK,preferred
MTB.PRL,preferred
MTEKW,warrant
MTNE.U,unit
MTNE.WS,warrant
MTYY,ETF
MUD,ETF
MULL,ETF
MULT,ETF
MUSE,ETF
MUU,ETF
MUYY,ETF
MUZEU,unit
MUZEW,warrant
MVLL,ETF
MYCF,ETF
MYCG,ETF
MYCH,ETF
MYCI,ETF
MYCJ,ETF
MYCK,ETF
MYCL,ETF
MYCM,ETF
MYCN,ETF
MYCO,ETF
MYHA,ETF
MYHB,ETF
MYHC,ETF
MYHD,ETF
MYHE,ETF
MYMF,ETF
MYMG,ETF
MYMH,ETF
MYMI,ETF
MYMJ,ETF
MYMK,ETF
MYSEW,warrant
MYXXR,right
MYXXU,unit
MYXXW,warrant
MZYX.U,unit
MZYX.WS,warrant
NAMMW,warrant
NAMSW,warrant
NATO,ETF
NBIG,ETF
NBIL,ETF
NBRGR,right
NBRGU,unit
NCIQ,ETF
NCOOU,unit
NCPB,ETF
NCPLW,warrant
NCV.PRA,preferred
NCZ.PRA,preferred
NDAA,ETF
NE.WS,warrant
NE.WSA,warrant
NEE.PRN,preferred
NEE.PRS,preferred
NEE.PRT,preferred
NEE.PRU,preferred
NEE.PRV,preferred
NEE.PRW,preferred
NEMG,ETF
NEOVW,warrant
NETG,ETF
NEWZ,ETF
NEXRW,warrant
NFRX,ETF
NFTY,ETF
NFXL,ETF
NFXS,ETF
NGHT,ETF
NGL.PRB,preferred
NGL.PRC,preferred
NHICU,unit
NHICW,warrant
NHIVU,unit
NHIVW,warrant
NIKL,ETF
NIOBW,warrant
NIOG,ETF
NIVFW,warrant
NIXT,ETF
NLY.PRF,preferred
NLY.PRG,preferred
NLY.PRI,preferred
NLY.PRJ,preferred
NMPAR,right
NMPAU,unit
NOEMR,right
NOEMU,unit
NOEMW,warrant
NOVTU,unit
NOWL,ETF
NPACU,unit
NPACW,warrant
NPFI,ETF
NPWR.WS,warrant
NREF.PRA,preferred
NRES,ETF
NRSNW,warrant
NSI,ETF
NTAL,ETF
NTRBW,warrant
NTWOU,unit
NTWOW,warrant
NUAIW,warrant
NUCLW,warrant
NUG,ETF
NUGY,ETF
NUIF,ETF
NUSB,ETF
NVA.WS,warrant
NVD,ETF
NVDD,ETF
NVDG,ETF
NVDL,ETF
NVDS,ETF
NVDU,ETF
NVNIW,warrant
NVPS,ETF
NVYY,ETF
NWAX.U,unit
NWAX.WS,warrant
NXDT.PRA,preferred
NXGLW,warrant
NXTG,ETF
NZAC,ETF
OABIW,warrant
OACCU,unit
OACCW,warrant
OAK.PRA,preferred
OAK.PRB,preferred
OBAWU,unit
OBAWW,warrant
OBIL,ETF
OBTC,ETF
OCAC.U,unit
OCSAW,warrant
ODDS,ETF
ODTE,ETF
OHACR,right
OHACU,unit
OIMAU,unit
OIMAW,warrant
OIOWW,warrant
OKLL,ETF
OKTG,ETF
ONCHU,unit
ONCHW,warrant
ONDG,ETF
ONEQ,ETF
ONFOW,warrant
ONMDW,warrant
OPEG,ETF
OPENW,warrant
OPP.PRA,preferred
OPP.PRB,preferred
OPPJ,ETF
OPTXW,warrant
OPTZ,ETF
ORBX,ETF
ORCL.PRD,preferred
ORCS,ETF
ORCU,ETF
ORCX,ETF
ORIQU,unit
ORIQW,warrant
ORR,ETF
OSCX,ETF
OSPRU,unit
OSRHW,warrant
OTAI.RT,right
OTAI.U,unit
OTGAU,unit
OTGAW,warrant
OTGL,ETF
OXBRW,warrant
OXY.WS,warrant
OYSER,right
OYSEU,unit
OZEM,ETF
PAACU,unit
PAACW,warrant
PABD,ETF
PABU,ETF
PACHU,unit
PACHW,warrant
PAII.U,unit
PAII.WS,warrant
PALD,ETF
PALOU,unit
PALOW,warrant
PALU,ETF
PANG,ETF
PATN,ETF
PBEU,ETF
PBI.PRB,preferred
PBMWW,warrant
PBOG,ETF
PBPH,ETF
PBQQ,ETF
PBRG,ETF
PBSC,ETF
PCAPU,unit
PCAPW,warrant
PCMM,ETF
PCPI,ETF
PCTTU,unit
PCTTW,warrant
PDBA,ETF
PDBC,ETF
PDDL,ETF
PDP,ETF
PDYNW,warrant
PEB.PRE,preferred
PEB.PRF,preferred
PEB.PRG,preferred
PEB.PRH,preferred
PECER,right
PECEU,unit
PECEW,warrant
PEPS,ETF
PEW.WS,warrant
PEY,ETF
PEZ,ETF
PFDE,ETF
PFF,ETF
PFI,ETF
PFM,ETF
PFOE,ETF
PGACR,right
PGACU,unit
PGJ,ETF
PGYWW,warrant
PHO,ETF
PID,ETF
PIE,ETF
PIIIW,warrant
PINE.PRA,preferred
PIO,ETF
PIZ,ETF
PKW,ETF
PLA,ETF
PLCIU,unit
PLMKU,unit
PLMKW,warrant
PLTD,ETF
PLTG,ETF
PLTU,ETF
PLTZ,ETF
PLUL,ETF
PLUN.RT,right
PLUN.U,unit
PLYY,ETF
PMBS,ETF
PMMF,ETF
PMT.PRA,preferred
PMT.PRB,preferred
PMT.PRC,preferred
PMTRU,unit
PMTRW,warrant
PNFP.PRA,preferred
PNFP.PRB,preferred
PNFP.PRC,preferred
PNQI,ETF
POLEU,unit
POLEW,warrant
PONOR,right
PONOU,unit
PPH,ETF
PPI,ETF
PQAP,ETF
PQJA,ETF
PQJL,ETF
PQOC,ETF
PRCS,ETF
PRENW,warrant
PRFZ,ETF
PRIF.PRD,preferred
PRIF.PRK,preferred
PRIF.PRL,preferred
PRMR,ETF
PRN,ETF
PRVS,ETF
PSA.PRF,preferred
PSA.PRG,preferred
PSA.PRH,preferred
PSA.PRI,preferred
PSA.PRJ,preferred
PSA.PRK,preferred
PSA.PRL,preferred
PSA.PRM,preferred
PSA.PRN,preferred
PSA.PRO,preferred
PSA.PRP,preferred
PSA.PRQ,preferred
PSA.PRR,preferred
PSA.PRS,preferred
PSA.PRT,preferred
PSA.PRU,preferred
PSC,ETF
PSCC,ETF
PSCD,ETF
PSCE,ETF
PSCF,ETF
PSCH,ETF
PSCI,ETF
PSCM,ETF
PSCT,ETF
PSCU,ETF
PSEC.PRA,preferred
PSET,ETF
PSL,ETF
PSNYW,warrant
PSQH.WS,warrant
PSTR,ETF
PSWD,ETF
PTACU,unit
PTACW,warrant
PTF,ETF
PTH,ETF
PTIR,ETF
PTNQ,ETF
PTORU,unit
PTORW,warrant
PUI,ETF
PUL,ETF
PUR,ETF
PWRD,ETF
PXI,ETF
PY,ETF
PYPG,ETF
PYZ,ETF
QABA,ETF
QADRU,unit
QADRW,warrant
QALT,ETF
QAT,ETF
QB,ETF
QBIG,ETF
QBTZ,ETF
QBUF,ETF
QBY,ETF
QCLN,ETF
QCLR,ETF
QCMD,ETF
QCML,ETF
QCMU,ETF
QDTY,ETF
QETAR,right
QETAU,unit
QEW,ETF
QFF,ETF
QGRD,ETF
QLDY,ETF
QLEP.WS,warrant
QMID,ETF
QMOM,ETF
QNDX,ETF
QNXT,ETF
QOWZ,ETF
QPUX,ETF
QQA,ETF
QQDN,ETF
QQEW,ETF
QQHG,ETF
QQLV,ETF
QQMG,ETF
QQQ,ETF
QQQA,ETF
QQQE,ETF
QQQG,ETF
QQQH,ETF
QQQI,ETF
QQQJ,ETF
QQQM,ETF
QQQP,ETF
QQQS,ETF
QQQT,ETF
QQQY,ETF
QQUP,ETF
QQWZ,ETF
QQXL,ETF
QQXT,ETF
QRED.RT,right
QRED.U,unit
QRMI,ETF
QSEAR,right
QSEAU,unit
QSIX,ETF
QSML,ETF
QTEC,ETF
QTOP,ETF
QTR,ETF
QTUM,ETF
QUMSR,right
QUMSU,unit
QVAL,ETF
QVOL,ETF
QXO.PRB,preferred
QXQ,ETF
QYLD,ETF
QYLG,ETF
RAA,ETF
RAC.U,unit
RAC.WS,warrant
RAINW,warrant
RANGR,right
RANGU,unit
RAUS,ETF
RBIL,ETF
RC.PRC,preferred
RC.PRE,preferred
RCAX,ETF
RCGE,ETF
RCKTW,warrant
RDACR,right
RDACU,unit
RDAGU,unit
RDAGW,warrant
RDTL,ETF
RDTY,ETF
RDVY,ETF
RDZNW,warrant
REAI,ETF
REIT,ETF
REMG,ETF
REXC,ETF
REXR.PRB,preferred
REXR.PRC,preferred
REZI.WI,when-issued
RF.PRC,preferred
RF.PRE,preferred
RF.PRF,preferred
RFAIR,right
RFAIU,unit
RFAMR,right
RFAMU,unit
RFDI,ETF
RFEM,ETF
RGLO,ETF
RGTIW,warrant
RGTX,ETF
RGTZ,ETF
RGYY,ETF
RIBBR,right
RIBBU,unit
RIFR,ETF
RING,ETF
RINT,ETF
RITM.PRA,preferred
RITM.PRB,preferred
RITM.PRC,preferred
RITM.PRD,preferred
RITM.PRE,preferred
RITM.PRF,preferred
RIV.PRA,preferred
RKLX,ETF
RKLZ,ETF
RKNG,ETF
RLJ.PRA,preferred
RMCOW,warrant
RMSGW,warrant
RNEM,ETF
RNGTU,unit
RNGTW,warrant
RNIN,ETF
RNR.PRF,preferred
RNR.PRG,preferred
RNRG,ETF
RNWWW,warrant
ROBT,ETF
ROCQ,ETF
ROCY,ETF
ROE,ETF
RONB,ETF
RPT.PRC,preferred
RREVU,unit
RREVW,warrant
RTACU,unit
RTACW,warrant
RTH,ETF
RTXG,ETF
RTYY,ETF
RUMBW,warrant
RUNN,ETF
RUSC,ETF
RVMDW,warrant
RVNL,ETF
RVSNW,warrant
RWIN,ETF
RWT.PRA,preferred
RZLVW,warrant
SAAQU,unit
SAAQW,warrant
SABSW,warrant
SAC.U,unit
SAC.WS,warrant
SAGU.RT,right
SAGU.U,unit
SAGU.WS,warrant
SAIHW,warrant
SAMO.U,unit
SARK,ETF
SATLW,warrant
SB.PRC,preferred
SB.PRD,preferred
SBCWW,warrant
SBFMW,warrant
SBXD.U,unit
SBXD.WS,warrant
SBXE.U,unit
SBXE.WS,warrant
SCA,ETF
SCAGW,warrant
SCCD,ETF
SCCE,ETF
SCDS,ETF
SCE.PRG,preferred
SCE.PRL,preferred
SCE.PRM,preferred
SCE.PRN,preferred
SCHW.PRD,preferred
SCHW.PRJ,preferred
SCIIR,right
SCIIU,unit
SCLXW,warrant
SCPQU,unit
SCPQW,warrant
SCZ,ETF
SDAWW,warrant
SDG,ETF
SDHIR,right
SDHIU,unit
SDSI,ETF
SDSTW,warrant
SDTY,ETF
SDVY,ETF
SEAL.PRA,preferred
SEAL.PRB,preferred
SEATW,warrant
SEEM,ETF
SEIE,ETF
SEIS,ETF
SEMY,ETF
SES.WS,warrant
SETM,ETF
SF.PRB,preferred
SF.PRC,preferred
SF.PRD,preferred
SFLO,ETF
SGOV,ETF
SGVA,ETF
SHFSW,warrant
SHMDW,warrant
SHO.PRH,preferred
SHO.PRI,preferred
SHOC,ETF
SHOTR,right
SHOTU,unit
SHPU,ETF
SHRY,ETF
SHV,ETF
SHY,ETF
SIMAU,unit
SIMAW,warrant
SJCP,ETF
SJLD,ETF
SKOR,ETF
SKRE,ETF
SKYAW,warrant
SKYH.WS,warrant
SKYU,ETF
SKYY,ETF
SLDPW,warrant
SLG.PRI,preferred
SLND.WS,warrant
SLNZ,ETF
SLQD,ETF
SLVO,ETF
SLVR,ETF
SLXNW,warrant
SMCF,ETF
SMCL,ETF
SMCO,ETF
SMCX,ETF
SMCZ,ETF
SMH,ETF
SMHC,ETF
SMHX,ETF
SMOM,ETF
SMRI,ETF
SMST,ETF
SMXWW,warrant
SMYY,ETF
SNAG,ETF
SNSR,ETF
SOCAU,unit
SOCAW,warrant
SOCL,ETF
SOFA,ETF
SOFX,ETF
SOLC,ETF
SOLT,ETF
SOLZ,ETF
SORNU,unit
SORNW,warrant
SOUL.RT,right
SOUL.U,unit
SOUNW,warrant
SOUX,ETF
SOXQ,ETF
SOXX,ETF
SPAM,ETF
SPAQ,ETF
SPBC,ETF
SPCK,ETF
SPCT,ETF
SPE.PRC,preferred
SPEGR,right
SPEGU,unit
SPG.PRJ,preferred
SPIT,ETF
SPKLU,unit
SPKLW,warrant
SPOG,ETF
SPRX,ETF
SPWRW,warrant
SPXD,ETF
SPYQ,ETF
SQFTW,warrant
SQLV,ETF
SQQQ,ETF
SQS,ETF
SRET,ETF
SRG.PRA,preferred
SRZNW,warrant
SSACR,right
SSACU,unit
SSACW,warrant
SSEAR,right
SSEAU,unit
SSS,ETF
STNC,ETF
STT.PRG,preferred
STXD,ETF
STXE,ETF
STXG,ETF
STXK,ETF
STXT,ETF
STXV,ETF
SUIS,ETF
SUMAR,right
SUMAU,unit
SUPP,ETF
SUSB,ETF
SUSC,ETF
SUSL,ETF
SVAQU,unit
SVAQW,warrant
SVCCU,unit
SVCCW,warrant
SVIVU,unit
SVIVW,warrant
SVREW,warrant
SWAGW,warrant
SWP,ETF
SWVLW,warrant
SWZ,ETF
SXTPW,warrant
SYF.PRA,preferred
SYF.PRB,preferred
SYZ,ETF
SZZLR,right
SZZLU,unit
T.PRA,preferred
T.PRC,preferred
TACHU,unit
TACHW,warrant
TACOU,unit
TACOW,warrant
TAOZ,ETF
TARK,ETF
TAVIR,right
TAVIU,unit
TAX,ETF
TAXE,ETF
TAXI,ETF
TAXS,ETF
TAXT,ETF
TBIL,ETF
TBLU,ETF
TCAI,ETF
TCAN,ETF
TCHI,ETF
TDACU,unit
TDACW,warrant
TDCL,ETF
TDI,ETF
TDIV,ETF
TDOG,ETF
TDOT,ETF
TDS.PRU,preferred
TDS.PRV,preferred
TDSB,ETF
TDSC,ETF
TDWDR,right
TDWDU,unit
TECY,ETF
TEKX,ETF
TEKY,ETF
TEN.PRE,preferred
TEN.PRF,preferred
TERG,ETF
TEXN,ETF
TEXX,ETF
TFC.PRI,preferred
TFC.PRO,preferred
TFC.PRR,preferred
TFGZ,ETF
TFIN.PR,preferred
TFNS,ETF
TGE.WS,warrant
THIR,ETF
THLV,ETF
THMR,ETF
THMZ,ETF
THRV,ETF
THYM,ETF
TILC,ETF
TISC,ETF
TKNS,ETF
TLA,ETF
TLG,ETF
TLNCU,unit
TLNCW,warrant
TLSIW,warrant
TLT,ETF
TMB,ETF
TMCWW,warrant
TMED,ETF
TMNL,ETF
TMNS,ETF
TMSF,ETF
TMSWW,warrant
TMTSU,unit
TMTSW,warrant
TMYY,ETF
TNGY,ETF
TNONW,warrant
TNXT,ETF
TOIIW,warrant
TONT.U,unit
TONT.WS,warrant
TPLS,ETF
TPYP,ETF
TPZ,ETF
TQQQ,ETF
TQQY,ETF
TRAD.RT,right
TRAD.U,unit
TRBF,ETF
TRGSR,right
TRGSU,unit
TRTN.PRA,preferred
TRTN.PRB,preferred
TRTN.PRC,preferred
TRTN.PRD,preferred
TRTN.PRE,preferred
TRTN.PRF,preferred
TRTN.PRG,preferred
TRTX.PRC,preferred
TRUC,ETF
TRUD,ETF
TRUF,ETF
TRUH,ETF
TRUI,ETF
TRUM,ETF
TRUN,ETF
TRUO,ETF
TRUR,ETF
TRUT,ETF
TRUU,ETF
TSCM,ETF
TSDD,ETF
TSEL,ETF
TSL,ETF
TSLG,ETF
TSLL,ETF
TSLQ,ETF
TSLR,ETF
TSLS,ETF
TSMG,ETF
TSMU,ETF
TSMX,ETF
TSMZ,ETF
TSPY,ETF
TSUI,ETF
TSYX,ETF
TSYY,ETF
TTEQ,ETF
TUG,ETF
TUGN,ETF
TUR,ETF
TURF,ETF
TVACU,unit
TVACW,warrant
TVAIR,right
TVAIU,unit
TVGNW,warrant
TVIVU,unit
TVIVW,warrant
TWLVR,right
TWLVU,unit
TWO.PRA,preferred
TWO.PRB,preferred
TWO.PRC,preferred
TXUE,ETF
TXUG,ETF
TXXD,ETF
TXXH,ETF
TXXS,ETF
TY.PR,preferred
UAC.U,unit
UAC.WS,warrant
UAE,ETF
UBND,ETF
UBRL,ETF
UCFIW,warrant
UCRD,ETF
UCYB,ETF
UECG,ETF
UEVM,ETF
UFIV,ETF
UFO,ETF
UITB,ETF
UIVM,ETF
ULTI,ETF
ULVM,ETF
UMH.PRD,preferred
UMMA,ETF
UNHG,ETF
UNIY,ETF
UPGR,ETF
URNJ,ETF
USAF,ETF
USB.PRA,preferred
USB.PRH,preferred
USB.PRP,preferred
USB.PRQ,preferred
USB.PRR,preferred
USB.PRS,preferred
USCL,ETF
USDEW,warrant
USDX,ETF
USFI,ETF
USGG,ETF
USIG,ETF
USIN,ETF
USMC,ETF
USOI,ETF
USOY,ETF
USSH,ETF
USTB,ETF
USVM,ETF
USVN,ETF
USXF,ETF
UTEN,ETF
UTHY,ETF
UTRE,ETF
UTWO,ETF
UTWY,ETF
UUUG,ETF
UYLD,ETF
UYSCR,right
UYSCU,unit
VACI.U,unit
VACI.WS,warrant
VAL.WS,warrant
VALG,ETF
VAVX,ETF
VBCA,ETF
VBCB,ETF
VBCC,ETF
VBCD,ETF
VBCE,ETF
VBCF,ETF
VBCG,ETF
VBCH,ETF
VBCI,ETF
VBCJ,ETF
VBIL,ETF
VBNB,ETF
VCIT,ETF
VCLT,ETF
VCRB,ETF
VCSH,ETF
VECA.RT,right
VECA.U,unit
VEEAW,warrant
VEFA,ETF
VFLO,ETF
VFSWW,warrant
VGASW,warrant
VGIT,ETF
VGLT,ETF
VGSH,ETF
VGSR,ETF
VGUS,ETF
VHCPU,unit
VHCPW,warrant
VIGI,ETF
VII.U,unit
VII.WS,warrant
VLOSU,unit
VLOSW,warrant
VMBS,ETF
VNMEU,unit
VNMEW,warrant
VNO.PRL,preferred
VNO.PRM,preferred
VNO.PRN,preferred
VNO.PRO,preferred
VNQI,ETF
VOLT,ETF
VONE,ETF
VONG,ETF
VONV,ETF
VOTE,ETF
VOYA.PRB,preferred
VPLS,ETF
VRIG,ETF
VRTL,ETF
VRXAW,warrant
VSDA,ETF
VSECU,unit
VSEEW,warrant
VSMV,ETF
VSOL,ETF
VSTL,ETF
VTC,ETF
VTHR,ETF
VTIP,ETF
VTWG,ETF
VTWO,ETF
VTWV,ETF
VWAVW,warrant
VWOB,ETF
VXUS,ETF
VYMI,ETF
WABF,ETF
WAL.PRA,preferred
WALDW,warrant
WAMA,ETF
WARP,ETF
WBIY,ETF
WBS.PRF,preferred
WBS.PRG,preferred
WCBR,ETF
WCLD,ETF
WDAF,ETF
WDGF,ETF
WEEI,ETF
WENC.RT,right
WENC.U,unit
WENNU,unit
WENNW,warrant
WFC.PRA,preferred
WFC.PRC,preferred
WFC.PRD,preferred
WFC.PRL,preferred
WFC.PRY,preferred
WFC.PRZ,preferred
WGMI,ETF
WHR.PRA,preferred
WIMA,ETF
WINN,ETF
WISE,ETF
WLCOU,unit
WLDSW,warrant
WLIIU,unit
WLIIW,warrant
WLTG,ETF
WOOD,ETF
WPAC.RT,right
WPAC.U,unit
WRB.PRE,preferred
WRB.PRF,preferred
WRB.PRG,preferred
WRB.PRH,preferred
WRND,ETF
WRTH,ETF
WSGE,ETF
WSML,ETF
WSPC,ETF
WSTNR,right
WSTNU,unit
WTBN,ETF
WTGUR,right
WTGUU,unit
WTIP,ETF
WTMU,ETF
WTMY,ETF
XAIX,ETF
XBCI,ETF
XBIL,ETF
XBPEW,warrant
XBTY,ETF
XCBEU,unit
XCBEW,warrant
XCNY,ETF
XDEF,ETF
XEY,ETF
XFLH.RT,right
XFLH.U,unit
XMAG,ETF
XOMX,ETF
XOSWW,warrant
XOVR,ETF
XPEG,ETF
XQQI,ETF
XRN.PRA,preferred
XRN.PRB,preferred
XRPC,ETF
XRPI,ETF
XRPNU,unit
XRPNW,warrant
XRPT,ETF
XRXDW,warrant
XSLLU,unit
XSLLW,warrant
XSPC,ETF
XSPI,ETF
XT,ETF
XXX,ETF
XYZG,ETF
YBMN,ETF
YBST,ETF
YBTY,ETF
YCY.U,unit
YCY.WS,warrant
YDESW,warrant
YHNAR,right
YHNAU,unit
YICCU,unit
YICCW,warrant
YLDE,ETF
YNOT,ETF
YOKE,ETF
YQQQ,ETF
YSAG,ETF
YSAU,ETF
YSPY,ETF
ZAP,ETF
ZEOWW,warrant
ZHOG,ETF
ZMUN,ETF
ZOOZW,warrant
ZTEN,ETF
ZTOP,ETF
ZTRE,ETF
ZTWO,ETF
